-- =============================================================================
-- TURNO — Seed Fisioterapia "Fisio Demo — Turno"
-- Org ID: eaa18742-22f7-4f4b-8ab1-8603a397179f
-- =============================================================================

-- ─────────────────────────────────────────────────────────────────────────────
-- 0. LIMPIAR
-- ─────────────────────────────────────────────────────────────────────────────
delete from payments          where organization_id = 'eaa18742-22f7-4f4b-8ab1-8603a397179f';
delete from appointment_notes where organization_id = 'eaa18742-22f7-4f4b-8ab1-8603a397179f';
delete from appointments      where organization_id = 'eaa18742-22f7-4f4b-8ab1-8603a397179f';
delete from treatment_plans   where organization_id = 'eaa18742-22f7-4f4b-8ab1-8603a397179f';
delete from customers         where organization_id = 'eaa18742-22f7-4f4b-8ab1-8603a397179f';
delete from services          where organization_id = 'eaa18742-22f7-4f4b-8ab1-8603a397179f';

-- ─────────────────────────────────────────────────────────────────────────────
-- 1. STAFF
-- ─────────────────────────────────────────────────────────────────────────────
update staff set specialty = 'Fisioterapia musculoesquelética'
  where id = 'd68c733d-3df5-4974-a079-715e68ce5dc4';
update staff set specialty = 'Rehabilitación neurológica y deportiva'
  where id = 'f1945516-e3c8-4777-b4d9-9e38c598eb18';

-- ─────────────────────────────────────────────────────────────────────────────
-- 2. SERVICIOS
-- sv: aa000001-…
-- ─────────────────────────────────────────────────────────────────────────────
insert into services (id, organization_id, name, description, duration_minutes, price, is_active) values
('aa000001-0000-0000-0000-000000000001','eaa18742-22f7-4f4b-8ab1-8603a397179f','Evaluación inicial','Valoración funcional completa, diagnóstico y plan de tratamiento',60,800,true),
('aa000001-0000-0000-0000-000000000002','eaa18742-22f7-4f4b-8ab1-8603a397179f','Sesión de fisioterapia','Electroterapia + ejercicio terapéutico',45,500,true),
('aa000001-0000-0000-0000-000000000003','eaa18742-22f7-4f4b-8ab1-8603a397179f','Terapia manual','Movilizaciones articulares, masaje y técnicas miofasciales',60,650,true),
('aa000001-0000-0000-0000-000000000004','eaa18742-22f7-4f4b-8ab1-8603a397179f','Electroterapia','TENS, ultrasonido terapéutico o corrientes interferenciales',30,350,true);

-- ─────────────────────────────────────────────────────────────────────────────
-- 3. PACIENTES
-- cc000001-…
-- ─────────────────────────────────────────────────────────────────────────────
insert into customers (id, organization_id, name, phone, date_of_birth, gender, civil_status, occupation, blood_type, curp, main_diagnosis, allergies, medical_notes, referring_doctor, referring_doctor_specialty, referring_doctor_phone, emergency_contact, emergency_phone, is_active) values
('cc000001-0000-0000-0000-000000000001','eaa18742-22f7-4f4b-8ab1-8603a397179f','Laura Mendoza Ríos','+52 55 1234 0001','1988-03-14','female','casado','Maestra de primaria','O+','MERL880314MDFNRS09','M54.5 Lumbalgia mecánica crónica','Ibuprofeno','Hernia discal L4-L5 (2022). Sedentaria. Escritorio 8h/día.','Dr. Ernesto Valverde','Ortopedia y traumatología','+52 55 8765 4321','Mario Mendoza (esposo)','+52 55 9988 7766',true),
('cc000001-0000-0000-0000-000000000002','eaa18742-22f7-4f4b-8ab1-8603a397179f','Roberto Díaz Sandoval','+52 55 1234 0002','1995-07-22','male','soltero','Futbolista amateur','A+','DISR950722HDFZNB02','S93.4 Esguince grado II tobillo derecho',null,'Lesión en partido de fútbol. Sin cirugías previas.','Dr. Ana Luisa Pérez','Medicina del deporte','+52 55 2233 4455','Carmen Sandoval (madre)','+52 55 6677 8899',true),
('cc000001-0000-0000-0000-000000000003','eaa18742-22f7-4f4b-8ab1-8603a397179f','Sofía Vargas Castellanos','+52 55 1234 0003','1991-11-05','female','union_libre','Diseñadora gráfica','B+','VACS911105MDFRSF07','M54.2 Cervicalgia por síndrome postural',null,'Trabajo remoto desde 2020. Postura forward head.','Dr. Ramón Gutiérrez','Neurología','+52 55 3344 5566','Luis Vargas (padre)','+52 55 4455 6677',true),
('cc000001-0000-0000-0000-000000000004','eaa18742-22f7-4f4b-8ab1-8603a397179f','Marco Antonio Reyes Fuentes','+52 55 1234 0004','1952-04-30','male','casado','Jubilado','AB-','REFM520430HDFYSN04','S72.0 Fractura cadera derecha post-quirúrgica','Penicilina, AAS','Cirugía cadera derecha 15/01/2026. Hipertensión. Losartán 50mg.','Dr. Federico Montoya','Ortopedia','+52 55 9900 1122','Graciela Fuentes (esposa)','+52 55 1122 3344',true),
('cc000001-0000-0000-0000-000000000005','eaa18742-22f7-4f4b-8ab1-8603a397179f','Ana Cristina Castillo Mora','+52 55 1234 0005','1979-08-19','female','divorciado','Contadora','A-','CAMA790819MDFST0005','M75.0 Capsulitis adhesiva hombro izquierdo','Sulfa','4 meses dolor progresivo. Sin trauma. Diabetes tipo 2 controlada.','Dr. Ignacio Herrera','Reumatología','+52 55 5566 7788','Pedro Castillo (hermano)','+52 55 8899 0011',true);

-- ─────────────────────────────────────────────────────────────────────────────
-- 4. PLANES DE TRATAMIENTO
-- bb000001-…
-- ─────────────────────────────────────────────────────────────────────────────
insert into treatment_plans (id, organization_id, customer_id, staff_id, title, diagnosis, goals, total_sessions, sessions_done, status, starts_at, ends_at) values
('bb000001-0000-0000-0000-000000000001','eaa18742-22f7-4f4b-8ab1-8603a397179f','cc000001-0000-0000-0000-000000000001','d68c733d-3df5-4974-a079-715e68ce5dc4','Rehabilitación lumbar — M54.5','M54.5 Lumbalgia mecánica crónica con hernia L4-L5','Reducir dolor a 2/10, recuperar flexión >70°, fortalecer core',10,6,'active','2026-04-01','2026-06-17'),
('bb000001-0000-0000-0000-000000000002','eaa18742-22f7-4f4b-8ab1-8603a397179f','cc000001-0000-0000-0000-000000000002','d68c733d-3df5-4974-a079-715e68ce5dc4','Rehabilitación esguince tobillo derecho','S93.4 Esguince grado II LLE tobillo derecho','Eliminar edema, recuperar ROM, retorno deportivo en 6 semanas',8,3,'active','2026-04-24','2026-06-12'),
('bb000001-0000-0000-0000-000000000003','eaa18742-22f7-4f4b-8ab1-8603a397179f','cc000001-0000-0000-0000-000000000003','f1945516-e3c8-4777-b4d9-9e38c598eb18','Corrección postural y cervicalgia','M54.2 Cervicalgia crónica por síndrome de cabeza adelantada','Eliminar dolor cervical, corregir postura, ejercicio independiente',12,12,'completed','2026-03-04','2026-05-27'),
('bb000001-0000-0000-0000-000000000004','eaa18742-22f7-4f4b-8ab1-8603a397179f','cc000001-0000-0000-0000-000000000004','f1945516-e3c8-4777-b4d9-9e38c598eb18','Rehabilitación post-quirúrgica cadera derecha','S72.0 Fractura subcapital cadera — prótesis total 15/01/2026','Marcha independiente sin andador, subir escaleras, AVD sin asistencia',20,18,'active','2026-01-22','2026-06-25'),
('bb000001-0000-0000-0000-000000000005','eaa18742-22f7-4f4b-8ab1-8603a397179f','cc000001-0000-0000-0000-000000000005','d68c733d-3df5-4974-a079-715e68ce5dc4','Tratamiento capsulitis adhesiva hombro izquierdo','M75.0 Capsulitis adhesiva hombro izquierdo fase II','Recuperar ROM completo, eliminar dolor nocturno, retorno laboral',15,2,'active','2026-06-05','2026-09-17');

-- ─────────────────────────────────────────────────────────────────────────────
-- 5. CITAS
-- Laura:   ee000001-0000-0000-0001-…
-- Roberto: ee000001-0000-0000-0002-…
-- Sofía:   ee000001-0000-0000-0003-…
-- Marco:   ee000001-0000-0000-0004-…
-- Ana:     ee000001-0000-0000-0005-…
-- ─────────────────────────────────────────────────────────────────────────────
insert into appointments (id, organization_id, customer_id, staff_id, service_id, starts_at, ends_at, status, treatment_plan_id, session_number) values
-- Laura 6 completadas + 1 futura
('ee000001-0000-0000-0001-000000000001','eaa18742-22f7-4f4b-8ab1-8603a397179f','cc000001-0000-0000-0000-000000000001','d68c733d-3df5-4974-a079-715e68ce5dc4','aa000001-0000-0000-0000-000000000001','2026-04-01 10:00:00+00','2026-04-01 11:00:00+00','completed','bb000001-0000-0000-0000-000000000001',1),
('ee000001-0000-0000-0001-000000000002','eaa18742-22f7-4f4b-8ab1-8603a397179f','cc000001-0000-0000-0000-000000000001','d68c733d-3df5-4974-a079-715e68ce5dc4','aa000001-0000-0000-0000-000000000002','2026-04-08 10:00:00+00','2026-04-08 10:45:00+00','completed','bb000001-0000-0000-0000-000000000001',2),
('ee000001-0000-0000-0001-000000000003','eaa18742-22f7-4f4b-8ab1-8603a397179f','cc000001-0000-0000-0000-000000000001','d68c733d-3df5-4974-a079-715e68ce5dc4','aa000001-0000-0000-0000-000000000002','2026-04-15 10:00:00+00','2026-04-15 10:45:00+00','completed','bb000001-0000-0000-0000-000000000001',3),
('ee000001-0000-0000-0001-000000000004','eaa18742-22f7-4f4b-8ab1-8603a397179f','cc000001-0000-0000-0000-000000000001','d68c733d-3df5-4974-a079-715e68ce5dc4','aa000001-0000-0000-0000-000000000003','2026-04-22 10:00:00+00','2026-04-22 11:00:00+00','completed','bb000001-0000-0000-0000-000000000001',4),
('ee000001-0000-0000-0001-000000000005','eaa18742-22f7-4f4b-8ab1-8603a397179f','cc000001-0000-0000-0000-000000000001','d68c733d-3df5-4974-a079-715e68ce5dc4','aa000001-0000-0000-0000-000000000002','2026-04-29 10:00:00+00','2026-04-29 10:45:00+00','completed','bb000001-0000-0000-0000-000000000001',5),
('ee000001-0000-0000-0001-000000000006','eaa18742-22f7-4f4b-8ab1-8603a397179f','cc000001-0000-0000-0000-000000000001','d68c733d-3df5-4974-a079-715e68ce5dc4','aa000001-0000-0000-0000-000000000002','2026-05-06 10:00:00+00','2026-05-06 10:45:00+00','completed','bb000001-0000-0000-0000-000000000001',6),
('ee000001-0000-0000-0001-000000000007','eaa18742-22f7-4f4b-8ab1-8603a397179f','cc000001-0000-0000-0000-000000000001','d68c733d-3df5-4974-a079-715e68ce5dc4','aa000001-0000-0000-0000-000000000002','2026-06-17 10:00:00+00','2026-06-17 10:45:00+00','confirmed','bb000001-0000-0000-0000-000000000001',7),
-- Roberto 3 completadas + 1 futura
('ee000001-0000-0000-0002-000000000001','eaa18742-22f7-4f4b-8ab1-8603a397179f','cc000001-0000-0000-0000-000000000002','d68c733d-3df5-4974-a079-715e68ce5dc4','aa000001-0000-0000-0000-000000000001','2026-04-24 12:00:00+00','2026-04-24 13:00:00+00','completed','bb000001-0000-0000-0000-000000000002',1),
('ee000001-0000-0000-0002-000000000002','eaa18742-22f7-4f4b-8ab1-8603a397179f','cc000001-0000-0000-0000-000000000002','d68c733d-3df5-4974-a079-715e68ce5dc4','aa000001-0000-0000-0000-000000000002','2026-05-01 12:00:00+00','2026-05-01 12:45:00+00','completed','bb000001-0000-0000-0000-000000000002',2),
('ee000001-0000-0000-0002-000000000003','eaa18742-22f7-4f4b-8ab1-8603a397179f','cc000001-0000-0000-0000-000000000002','d68c733d-3df5-4974-a079-715e68ce5dc4','aa000001-0000-0000-0000-000000000002','2026-05-08 12:00:00+00','2026-05-08 12:45:00+00','completed','bb000001-0000-0000-0000-000000000002',3),
('ee000001-0000-0000-0002-000000000004','eaa18742-22f7-4f4b-8ab1-8603a397179f','cc000001-0000-0000-0000-000000000002','d68c733d-3df5-4974-a079-715e68ce5dc4','aa000001-0000-0000-0000-000000000002','2026-06-18 12:00:00+00','2026-06-18 12:45:00+00','confirmed','bb000001-0000-0000-0000-000000000002',4),
-- Sofía 12 completadas
('ee000001-0000-0000-0003-000000000001','eaa18742-22f7-4f4b-8ab1-8603a397179f','cc000001-0000-0000-0000-000000000003','f1945516-e3c8-4777-b4d9-9e38c598eb18','aa000001-0000-0000-0000-000000000001','2026-03-04 09:00:00+00','2026-03-04 10:00:00+00','completed','bb000001-0000-0000-0000-000000000003',1),
('ee000001-0000-0000-0003-000000000002','eaa18742-22f7-4f4b-8ab1-8603a397179f','cc000001-0000-0000-0000-000000000003','f1945516-e3c8-4777-b4d9-9e38c598eb18','aa000001-0000-0000-0000-000000000002','2026-03-11 09:00:00+00','2026-03-11 09:45:00+00','completed','bb000001-0000-0000-0000-000000000003',2),
('ee000001-0000-0000-0003-000000000003','eaa18742-22f7-4f4b-8ab1-8603a397179f','cc000001-0000-0000-0000-000000000003','f1945516-e3c8-4777-b4d9-9e38c598eb18','aa000001-0000-0000-0000-000000000002','2026-03-18 09:00:00+00','2026-03-18 09:45:00+00','completed','bb000001-0000-0000-0000-000000000003',3),
('ee000001-0000-0000-0003-000000000004','eaa18742-22f7-4f4b-8ab1-8603a397179f','cc000001-0000-0000-0000-000000000003','f1945516-e3c8-4777-b4d9-9e38c598eb18','aa000001-0000-0000-0000-000000000003','2026-03-25 09:00:00+00','2026-03-25 10:00:00+00','completed','bb000001-0000-0000-0000-000000000003',4),
('ee000001-0000-0000-0003-000000000005','eaa18742-22f7-4f4b-8ab1-8603a397179f','cc000001-0000-0000-0000-000000000003','f1945516-e3c8-4777-b4d9-9e38c598eb18','aa000001-0000-0000-0000-000000000002','2026-04-01 09:00:00+00','2026-04-01 09:45:00+00','completed','bb000001-0000-0000-0000-000000000003',5),
('ee000001-0000-0000-0003-000000000006','eaa18742-22f7-4f4b-8ab1-8603a397179f','cc000001-0000-0000-0000-000000000003','f1945516-e3c8-4777-b4d9-9e38c598eb18','aa000001-0000-0000-0000-000000000002','2026-04-08 09:00:00+00','2026-04-08 09:45:00+00','completed','bb000001-0000-0000-0000-000000000003',6),
('ee000001-0000-0000-0003-000000000007','eaa18742-22f7-4f4b-8ab1-8603a397179f','cc000001-0000-0000-0000-000000000003','f1945516-e3c8-4777-b4d9-9e38c598eb18','aa000001-0000-0000-0000-000000000002','2026-04-15 09:00:00+00','2026-04-15 09:45:00+00','completed','bb000001-0000-0000-0000-000000000003',7),
('ee000001-0000-0000-0003-000000000008','eaa18742-22f7-4f4b-8ab1-8603a397179f','cc000001-0000-0000-0000-000000000003','f1945516-e3c8-4777-b4d9-9e38c598eb18','aa000001-0000-0000-0000-000000000003','2026-04-22 09:00:00+00','2026-04-22 10:00:00+00','completed','bb000001-0000-0000-0000-000000000003',8),
('ee000001-0000-0000-0003-000000000009','eaa18742-22f7-4f4b-8ab1-8603a397179f','cc000001-0000-0000-0000-000000000003','f1945516-e3c8-4777-b4d9-9e38c598eb18','aa000001-0000-0000-0000-000000000002','2026-04-29 09:00:00+00','2026-04-29 09:45:00+00','completed','bb000001-0000-0000-0000-000000000003',9),
('ee000001-0000-0000-0003-000000000010','eaa18742-22f7-4f4b-8ab1-8603a397179f','cc000001-0000-0000-0000-000000000003','f1945516-e3c8-4777-b4d9-9e38c598eb18','aa000001-0000-0000-0000-000000000002','2026-05-06 09:00:00+00','2026-05-06 09:45:00+00','completed','bb000001-0000-0000-0000-000000000003',10),
('ee000001-0000-0000-0003-000000000011','eaa18742-22f7-4f4b-8ab1-8603a397179f','cc000001-0000-0000-0000-000000000003','f1945516-e3c8-4777-b4d9-9e38c598eb18','aa000001-0000-0000-0000-000000000002','2026-05-13 09:00:00+00','2026-05-13 09:45:00+00','completed','bb000001-0000-0000-0000-000000000003',11),
('ee000001-0000-0000-0003-000000000012','eaa18742-22f7-4f4b-8ab1-8603a397179f','cc000001-0000-0000-0000-000000000003','f1945516-e3c8-4777-b4d9-9e38c598eb18','aa000001-0000-0000-0000-000000000002','2026-05-27 09:00:00+00','2026-05-27 09:45:00+00','completed','bb000001-0000-0000-0000-000000000003',12),
-- Marco 18 completadas + 2 futuras (alerta crítica)
('ee000001-0000-0000-0004-000000000001','eaa18742-22f7-4f4b-8ab1-8603a397179f','cc000001-0000-0000-0000-000000000004','f1945516-e3c8-4777-b4d9-9e38c598eb18','aa000001-0000-0000-0000-000000000001','2026-01-22 11:00:00+00','2026-01-22 12:00:00+00','completed','bb000001-0000-0000-0000-000000000004',1),
('ee000001-0000-0000-0004-000000000002','eaa18742-22f7-4f4b-8ab1-8603a397179f','cc000001-0000-0000-0000-000000000004','f1945516-e3c8-4777-b4d9-9e38c598eb18','aa000001-0000-0000-0000-000000000002','2026-01-27 11:00:00+00','2026-01-27 11:45:00+00','completed','bb000001-0000-0000-0000-000000000004',2),
('ee000001-0000-0000-0004-000000000003','eaa18742-22f7-4f4b-8ab1-8603a397179f','cc000001-0000-0000-0000-000000000004','f1945516-e3c8-4777-b4d9-9e38c598eb18','aa000001-0000-0000-0000-000000000002','2026-02-03 11:00:00+00','2026-02-03 11:45:00+00','completed','bb000001-0000-0000-0000-000000000004',3),
('ee000001-0000-0000-0004-000000000004','eaa18742-22f7-4f4b-8ab1-8603a397179f','cc000001-0000-0000-0000-000000000004','f1945516-e3c8-4777-b4d9-9e38c598eb18','aa000001-0000-0000-0000-000000000003','2026-02-10 11:00:00+00','2026-02-10 12:00:00+00','completed','bb000001-0000-0000-0000-000000000004',4),
('ee000001-0000-0000-0004-000000000005','eaa18742-22f7-4f4b-8ab1-8603a397179f','cc000001-0000-0000-0000-000000000004','f1945516-e3c8-4777-b4d9-9e38c598eb18','aa000001-0000-0000-0000-000000000002','2026-02-17 11:00:00+00','2026-02-17 11:45:00+00','completed','bb000001-0000-0000-0000-000000000004',5),
('ee000001-0000-0000-0004-000000000006','eaa18742-22f7-4f4b-8ab1-8603a397179f','cc000001-0000-0000-0000-000000000004','f1945516-e3c8-4777-b4d9-9e38c598eb18','aa000001-0000-0000-0000-000000000002','2026-02-24 11:00:00+00','2026-02-24 11:45:00+00','completed','bb000001-0000-0000-0000-000000000004',6),
('ee000001-0000-0000-0004-000000000007','eaa18742-22f7-4f4b-8ab1-8603a397179f','cc000001-0000-0000-0000-000000000004','f1945516-e3c8-4777-b4d9-9e38c598eb18','aa000001-0000-0000-0000-000000000002','2026-03-03 11:00:00+00','2026-03-03 11:45:00+00','completed','bb000001-0000-0000-0000-000000000004',7),
('ee000001-0000-0000-0004-000000000008','eaa18742-22f7-4f4b-8ab1-8603a397179f','cc000001-0000-0000-0000-000000000004','f1945516-e3c8-4777-b4d9-9e38c598eb18','aa000001-0000-0000-0000-000000000003','2026-03-10 11:00:00+00','2026-03-10 12:00:00+00','completed','bb000001-0000-0000-0000-000000000004',8),
('ee000001-0000-0000-0004-000000000009','eaa18742-22f7-4f4b-8ab1-8603a397179f','cc000001-0000-0000-0000-000000000004','f1945516-e3c8-4777-b4d9-9e38c598eb18','aa000001-0000-0000-0000-000000000002','2026-03-17 11:00:00+00','2026-03-17 11:45:00+00','completed','bb000001-0000-0000-0000-000000000004',9),
('ee000001-0000-0000-0004-000000000010','eaa18742-22f7-4f4b-8ab1-8603a397179f','cc000001-0000-0000-0000-000000000004','f1945516-e3c8-4777-b4d9-9e38c598eb18','aa000001-0000-0000-0000-000000000002','2026-03-24 11:00:00+00','2026-03-24 11:45:00+00','completed','bb000001-0000-0000-0000-000000000004',10),
('ee000001-0000-0000-0004-000000000011','eaa18742-22f7-4f4b-8ab1-8603a397179f','cc000001-0000-0000-0000-000000000004','f1945516-e3c8-4777-b4d9-9e38c598eb18','aa000001-0000-0000-0000-000000000002','2026-03-31 11:00:00+00','2026-03-31 11:45:00+00','completed','bb000001-0000-0000-0000-000000000004',11),
('ee000001-0000-0000-0004-000000000012','eaa18742-22f7-4f4b-8ab1-8603a397179f','cc000001-0000-0000-0000-000000000004','f1945516-e3c8-4777-b4d9-9e38c598eb18','aa000001-0000-0000-0000-000000000003','2026-04-07 11:00:00+00','2026-04-07 12:00:00+00','completed','bb000001-0000-0000-0000-000000000004',12),
('ee000001-0000-0000-0004-000000000013','eaa18742-22f7-4f4b-8ab1-8603a397179f','cc000001-0000-0000-0000-000000000004','f1945516-e3c8-4777-b4d9-9e38c598eb18','aa000001-0000-0000-0000-000000000002','2026-04-14 11:00:00+00','2026-04-14 11:45:00+00','completed','bb000001-0000-0000-0000-000000000004',13),
('ee000001-0000-0000-0004-000000000014','eaa18742-22f7-4f4b-8ab1-8603a397179f','cc000001-0000-0000-0000-000000000004','f1945516-e3c8-4777-b4d9-9e38c598eb18','aa000001-0000-0000-0000-000000000002','2026-04-28 11:00:00+00','2026-04-28 11:45:00+00','completed','bb000001-0000-0000-0000-000000000004',14),
('ee000001-0000-0000-0004-000000000015','eaa18742-22f7-4f4b-8ab1-8603a397179f','cc000001-0000-0000-0000-000000000004','f1945516-e3c8-4777-b4d9-9e38c598eb18','aa000001-0000-0000-0000-000000000002','2026-05-05 11:00:00+00','2026-05-05 11:45:00+00','completed','bb000001-0000-0000-0000-000000000004',15),
('ee000001-0000-0000-0004-000000000016','eaa18742-22f7-4f4b-8ab1-8603a397179f','cc000001-0000-0000-0000-000000000004','f1945516-e3c8-4777-b4d9-9e38c598eb18','aa000001-0000-0000-0000-000000000003','2026-05-13 11:00:00+00','2026-05-13 12:00:00+00','completed','bb000001-0000-0000-0000-000000000004',16),
('ee000001-0000-0000-0004-000000000017','eaa18742-22f7-4f4b-8ab1-8603a397179f','cc000001-0000-0000-0000-000000000004','f1945516-e3c8-4777-b4d9-9e38c598eb18','aa000001-0000-0000-0000-000000000002','2026-05-20 11:00:00+00','2026-05-20 11:45:00+00','completed','bb000001-0000-0000-0000-000000000004',17),
('ee000001-0000-0000-0004-000000000018','eaa18742-22f7-4f4b-8ab1-8603a397179f','cc000001-0000-0000-0000-000000000004','f1945516-e3c8-4777-b4d9-9e38c598eb18','aa000001-0000-0000-0000-000000000002','2026-06-03 11:00:00+00','2026-06-03 11:45:00+00','completed','bb000001-0000-0000-0000-000000000004',18),
('ee000001-0000-0000-0004-000000000019','eaa18742-22f7-4f4b-8ab1-8603a397179f','cc000001-0000-0000-0000-000000000004','f1945516-e3c8-4777-b4d9-9e38c598eb18','aa000001-0000-0000-0000-000000000002','2026-06-18 11:00:00+00','2026-06-18 11:45:00+00','confirmed','bb000001-0000-0000-0000-000000000004',19),
('ee000001-0000-0000-0004-000000000020','eaa18742-22f7-4f4b-8ab1-8603a397179f','cc000001-0000-0000-0000-000000000004','f1945516-e3c8-4777-b4d9-9e38c598eb18','aa000001-0000-0000-0000-000000000002','2026-06-25 11:00:00+00','2026-06-25 11:45:00+00','confirmed','bb000001-0000-0000-0000-000000000004',20),
-- Ana 2 completadas + 1 futura
('ee000001-0000-0000-0005-000000000001','eaa18742-22f7-4f4b-8ab1-8603a397179f','cc000001-0000-0000-0000-000000000005','d68c733d-3df5-4974-a079-715e68ce5dc4','aa000001-0000-0000-0000-000000000001','2026-06-05 13:00:00+00','2026-06-05 14:00:00+00','completed','bb000001-0000-0000-0000-000000000005',1),
('ee000001-0000-0000-0005-000000000002','eaa18742-22f7-4f4b-8ab1-8603a397179f','cc000001-0000-0000-0000-000000000005','d68c733d-3df5-4974-a079-715e68ce5dc4','aa000001-0000-0000-0000-000000000002','2026-06-10 13:00:00+00','2026-06-10 13:45:00+00','completed','bb000001-0000-0000-0000-000000000005',2),
('ee000001-0000-0000-0005-000000000003','eaa18742-22f7-4f4b-8ab1-8603a397179f','cc000001-0000-0000-0000-000000000005','d68c733d-3df5-4974-a079-715e68ce5dc4','aa000001-0000-0000-0000-000000000002','2026-06-17 13:00:00+00','2026-06-17 13:45:00+00','confirmed','bb000001-0000-0000-0000-000000000005',3);

-- ─────────────────────────────────────────────────────────────────────────────
-- 6. NOTAS SOAP
-- ff000001-…
-- ─────────────────────────────────────────────────────────────────────────────
insert into appointment_notes (id, appointment_id, organization_id, staff_id, note_type, pain_level, soap_subjective, soap_objective, soap_assessment, soap_plan, rom_lumbar, rom_cervical, rom_shoulder_l, rom_ankle_r, functional_goals, next_session_plan) values
('ff000001-0000-0000-0001-000000000001','ee000001-0000-0000-0001-000000000001','eaa18742-22f7-4f4b-8ab1-8603a397179f','d68c733d-3df5-4974-a079-715e68ce5dc4','soap',8,'Dolor lumbar constante 8/10, se irradia a glúteo derecho. Agrava al sentarse prolongado.','Espasmo paravertebral bilateral. Flexión lumbar 30°, extensión 10°. Lasègue positivo D a 40°.','Lumbalgia mecánica con componente discal activo. Contractura secundaria.','TENS lumbar 20 min, masaje descontracturante, educación postural.','Flex 30°, Ext 10°',null,null,null,'Reducir dolor a 4/10 en 4 semanas','TENS + calor local. Iniciar estabilización en decúbito'),
('ff000001-0000-0000-0001-000000000003','ee000001-0000-0000-0001-000000000003','eaa18742-22f7-4f4b-8ab1-8603a397179f','d68c733d-3df5-4974-a079-715e68ce5dc4','soap',6,'Dolor bajó a 6/10. Rigidez matutina ~20 min. Mejoría al caminar.','Flexión lumbar 45°, extensión 20°. Espasmo reducido. Lasègue negativo bilateral.','Buena respuesta. Reducción de contractura y mejoría del ROM.','Continuar TENS, agregar estabilización con pelota y puente.','Flex 45°, Ext 20°',null,null,null,'Alcanzar flexión 60° en próximas 2 sesiones','Agregar ejercicio de puente y bird-dog'),
('ff000001-0000-0000-0001-000000000006','ee000001-0000-0000-0001-000000000006','eaa18742-22f7-4f4b-8ab1-8603a397179f','d68c733d-3df5-4974-a079-715e68ce5dc4','soap',3,'Dolor 3/10 solo al final del día. Ya puede estar sentada 4 horas sin molestia.','Flexión lumbar 65°, extensión 30°. Sin espasmo. Fuerza core 4/5.','Excelente progresión. Lista para fase de mantenimiento.','Ejercicio funcional, estiramientos cadena posterior.','Flex 65°, Ext 30°',null,null,null,'Autonomía en programa domiciliario','Enseñar rutina de mantenimiento. Planear alta en 4 sesiones'),
('ff000001-0000-0000-0002-000000000001','ee000001-0000-0000-0002-000000000001','eaa18742-22f7-4f4b-8ab1-8603a397179f','d68c733d-3df5-4974-a079-715e68ce5dc4','soap',7,'Dolor tobillo derecho 7/10 al apoyar. Inflamación visible. No puede trotar.','Edema 2+ maléolo externo. Dorsiflexión 5°, plantiflexión 30°. Cajón anterior positivo leve.','Esguince grado II LLE. Sin inestabilidad marcada.','Crioterapia, TENS analgésico, movilización pasiva suave.',null,null,null,'Dors 5°, Plant 30°','Retorno deportivo en 6 semanas','Iniciar propiocepción básica en superficie estable'),
('ff000001-0000-0000-0002-000000000003','ee000001-0000-0000-0002-000000000003','eaa18742-22f7-4f4b-8ab1-8603a397179f','d68c733d-3df5-4974-a079-715e68ce5dc4','soap',3,'Dolor 3/10 solo en actividad intensa. Camina sin cojear.','Edema residual mínimo. Dorsiflexión 15°, plantiflexión 45°. Propiocepción 4/5.','Excelente evolución. Listo para retorno deportivo progresivo.','Trotar en línea recta, saltos bipodales, cambios de dirección suaves.',null,null,null,'Dors 15°, Plant 45°','Retorno a entrenamiento completo','Correr 20 min, evaluar alta deportiva en 3 sesiones'),
('ff000001-0000-0000-0003-000000000001','ee000001-0000-0000-0003-000000000001','eaa18742-22f7-4f4b-8ab1-8603a397179f','f1945516-e3c8-4777-b4d9-9e38c598eb18','soap',6,'Dolor cervical 6/10, irradia a hombro derecho. Cefalea tensional 3x semana. PC 10h/día.','Flexión cervical 30°, extensión 25°, rotación D 40°, I 50°. Trapecio hipertónico bilateral.','Síndrome postural forward head. Acortamiento pectorales, debilidad cervicales profundos.','Masaje cervical, TENS, educación ergonómica.',null,'Flex 30°, Ext 25°, Rot D 40°',null,null,'Eliminar cefaleas, recuperar ROM completo','Iniciar chin tuck y retracción cervical'),
('ff000001-0000-0000-0003-000000000006','ee000001-0000-0000-0003-000000000006','eaa18742-22f7-4f4b-8ab1-8603a397179f','f1945516-e3c8-4777-b4d9-9e38c598eb18','soap',3,'Dolor 3/10. Cefaleas 1x semana. Mejoró ergonomía con monitor elevado.','Flexión cervical 45°, extensión 40°, rotación D 60°, I 65°.','Progresión favorable. ROM casi completo.','Fortalecer cervicales profundos, estiramientos cadena anterior.',null,'Flex 45°, Ext 40°, Rot D 60°',null,null,'Autonomía total en mantenimiento','Chin tuck con resistencia y wall angel'),
('ff000001-0000-0000-0003-000000000012','ee000001-0000-0000-0003-000000000012','eaa18742-22f7-4f4b-8ab1-8603a397179f','f1945516-e3c8-4777-b4d9-9e38c598eb18','soap',1,'Dolor 1/10 ocasional. Sin cefaleas en 3 semanas. Gran mejoría.','ROM cervical completo. Postura corregida. Fuerza 5/5.','Alta clínica. Paciente con herramientas de automanejo.','Programa domiciliario. Seguimiento en 3 meses si recidiva.',null,'Flex 60°, Ext 50°, Rot D 75°',null,null,'ALTA — programa domiciliario independiente','Alta. Ejercicio 3x semana. Revisión ergonómica anual'),
('ff000001-0000-0000-0004-000000000001','ee000001-0000-0000-0004-000000000001','eaa18742-22f7-4f4b-8ab1-8603a397179f','f1945516-e3c8-4777-b4d9-9e38c598eb18','soap',9,'Dolor posquirúrgico 9/10. Marcha con andador, no puede bajar escaleras. Alta hospitalaria hace 1 semana.','Edema moderado cadera D. Flexión cadera 40°, extensión 0°. Fuerza cuádriceps 2/5.','Post-op cadera semana 1. Inicio de rehabilitación temprana.','Movilizaciones suaves, isométricos cuádriceps, control del dolor.',null,null,null,null,'Marcha independiente sin andador en 8 semanas','Isométricos en cama, bombeo de tobillos'),
('ff000001-0000-0000-0004-000000000010','ee000001-0000-0000-0004-000000000010','eaa18742-22f7-4f4b-8ab1-8603a397179f','f1945516-e3c8-4777-b4d9-9e38c598eb18','soap',4,'Dolor 4/10 con actividad. Ya usa bastón solo. Sube escaleras agarrado al barandal.','Flexión cadera 90°, extensión 15°. Cuádriceps 4/5. Marcha casi normal.','Progresión adecuada semana 10.','Fortalecimiento progresivo, equilibrio monopodal, marcha terreno irregular.',null,null,null,null,'Marcha sin bastón en 4 sesiones','Sentadilla 90°, subir escaleras sin barandal'),
('ff000001-0000-0000-0004-000000000018','ee000001-0000-0000-0004-000000000018','eaa18742-22f7-4f4b-8ab1-8603a397179f','f1945516-e3c8-4777-b4d9-9e38c598eb18','soap',2,'Dolor 2/10 solo al bajar escaleras rápido. Sin bastón. Camina 30 min sin parar.','Flexión cadera 115°, extensión 20°. Fuerza 5/5 bilateral. Equilibrio monopodal 15 seg.','Excelente recuperación. A 2 sesiones del alta.','Consolidar marcha todo terreno, retorno AVD completo.',null,null,null,null,'Alta funcional completa','Evaluar con médico extensión del plan 5 sesiones más'),
('ff000001-0000-0000-0005-000000000001','ee000001-0000-0000-0005-000000000001','eaa18742-22f7-4f4b-8ab1-8603a397179f','d68c733d-3df5-4974-a079-715e68ce5dc4','soap',8,'Dolor hombro izq 8/10 constante, peor de noche. No levanta brazo más de 60°. 4 meses de evolución.','Abducción activa 55°, pasiva 65°. Rotación externa 10°, interna 30°. Cápsula muy tensa.','Capsulitis adhesiva fase II. Alta restricción capsular.','Calor profundo, movilización capsular pasiva suave, TENS.',null,null,'Abd 55°, RE 10°, RI 30°',null,'Recuperar 120° abducción en 8 semanas','Movilizaciones pendulares 3x/día, calor antes de ejercicio'),
('ff000001-0000-0000-0005-000000000002','ee000001-0000-0000-0005-000000000002','eaa18742-22f7-4f4b-8ab1-8603a397179f','d68c733d-3df5-4974-a079-715e68ce5dc4','soap',7,'Dolor 7/10. Realizó pendulares en casa. Leve mejoría matutina.','Abducción activa 62°, pasiva 72°. Rotación externa 15°.','Respuesta inicial positiva. Continuar protocolo capsular.','Aumentar amplitud, agregar tracción glenohumeral.',null,null,'Abd 62°, RE 15°, RI 32°',null,'Sin dolor nocturno en 3 semanas','Continuar pendulares, agregar deslizamiento posterior');

-- ─────────────────────────────────────────────────────────────────────────────
-- 7. PAGOS
-- ─────────────────────────────────────────────────────────────────────────────
insert into payments (organization_id, customer_id, appointment_id, treatment_plan_id, amount, method, status, concept, paid_at) values
('eaa18742-22f7-4f4b-8ab1-8603a397179f','cc000001-0000-0000-0000-000000000001','ee000001-0000-0000-0001-000000000001','bb000001-0000-0000-0000-000000000001',800,'cash','paid','Sesión 1 - Evaluación inicial','2026-04-01 11:10:00+00'),
('eaa18742-22f7-4f4b-8ab1-8603a397179f','cc000001-0000-0000-0000-000000000001','ee000001-0000-0000-0001-000000000002','bb000001-0000-0000-0000-000000000001',500,'cash','paid','Sesión 2','2026-04-08 10:50:00+00'),
('eaa18742-22f7-4f4b-8ab1-8603a397179f','cc000001-0000-0000-0000-000000000001','ee000001-0000-0000-0001-000000000003','bb000001-0000-0000-0000-000000000001',500,'cash','paid','Sesión 3','2026-04-15 10:50:00+00'),
('eaa18742-22f7-4f4b-8ab1-8603a397179f','cc000001-0000-0000-0000-000000000001','ee000001-0000-0000-0001-000000000004','bb000001-0000-0000-0000-000000000001',650,'transfer','paid','Sesión 4 - Terapia manual','2026-04-22 11:10:00+00'),
('eaa18742-22f7-4f4b-8ab1-8603a397179f','cc000001-0000-0000-0000-000000000001','ee000001-0000-0000-0001-000000000005','bb000001-0000-0000-0000-000000000001',500,'cash','paid','Sesión 5','2026-04-29 10:50:00+00'),
('eaa18742-22f7-4f4b-8ab1-8603a397179f','cc000001-0000-0000-0000-000000000001','ee000001-0000-0000-0001-000000000006','bb000001-0000-0000-0000-000000000001',500,'cash','paid','Sesión 6','2026-05-06 10:50:00+00'),
('eaa18742-22f7-4f4b-8ab1-8603a397179f','cc000001-0000-0000-0000-000000000002','ee000001-0000-0000-0002-000000000001','bb000001-0000-0000-0000-000000000002',800,'transfer','paid','Sesión 1 - Evaluación','2026-04-24 13:10:00+00'),
('eaa18742-22f7-4f4b-8ab1-8603a397179f','cc000001-0000-0000-0000-000000000002','ee000001-0000-0000-0002-000000000002','bb000001-0000-0000-0000-000000000002',500,'transfer','paid','Sesión 2','2026-05-01 12:50:00+00'),
('eaa18742-22f7-4f4b-8ab1-8603a397179f','cc000001-0000-0000-0000-000000000002','ee000001-0000-0000-0002-000000000003','bb000001-0000-0000-0000-000000000002',500,'transfer','paid','Sesión 3','2026-05-08 12:50:00+00'),
('eaa18742-22f7-4f4b-8ab1-8603a397179f','cc000001-0000-0000-0000-000000000003',null,'bb000001-0000-0000-0000-000000000003',5800,'card','paid','Paquete 12 sesiones — prepago completo','2026-03-04 10:10:00+00'),
('eaa18742-22f7-4f4b-8ab1-8603a397179f','cc000001-0000-0000-0000-000000000004',null,'bb000001-0000-0000-0000-000000000004',7200,'insurance','paid','Sesiones 1-12 — cobertura IMSS','2026-01-22 12:10:00+00'),
('eaa18742-22f7-4f4b-8ab1-8603a397179f','cc000001-0000-0000-0000-000000000004',null,'bb000001-0000-0000-0000-000000000004',1200,'cash','paid','Copago sesiones 1-12','2026-01-22 12:15:00+00'),
('eaa18742-22f7-4f4b-8ab1-8603a397179f','cc000001-0000-0000-0000-000000000004',null,'bb000001-0000-0000-0000-000000000004',2400,'insurance','paid','Sesiones 13-18 — cobertura IMSS','2026-04-14 11:50:00+00'),
('eaa18742-22f7-4f4b-8ab1-8603a397179f','cc000001-0000-0000-0000-000000000004','ee000001-0000-0000-0004-000000000019','bb000001-0000-0000-0000-000000000004',500,'insurance','pending','Sesión 19 — pendiente autorización','2026-06-18 00:00:00+00'),
('eaa18742-22f7-4f4b-8ab1-8603a397179f','cc000001-0000-0000-0000-000000000004','ee000001-0000-0000-0004-000000000020','bb000001-0000-0000-0000-000000000004',500,'insurance','pending','Sesión 20 — pendiente autorización','2026-06-25 00:00:00+00'),
('eaa18742-22f7-4f4b-8ab1-8603a397179f','cc000001-0000-0000-0000-000000000005','ee000001-0000-0000-0005-000000000001','bb000001-0000-0000-0000-000000000005',800,'card','paid','Sesión 1 - Evaluación inicial','2026-06-05 14:10:00+00'),
('eaa18742-22f7-4f4b-8ab1-8603a397179f','cc000001-0000-0000-0000-000000000005','ee000001-0000-0000-0005-000000000002','bb000001-0000-0000-0000-000000000005',500,'card','paid','Sesión 2','2026-06-10 13:50:00+00');
